username,email_address,password
username1,email_address1,password
username2,email_address2,password
username3,email_address3,password
username4,email_address4,password
username5,email_address5,password
username6,email_address6,password
username7,email_address7,password
username8,email_address8,password
username9,email_address9,password
username10,email_address10,password
username11,email_address11,password
username12,email_address12,password
username13,email_address13,password
username14,email_address14,password
username15,email_address15,password
username16,email_address16,password
username17,email_address17,password
username18,email_address18,password
username19,email_address19,password
username20,email_address20,password
username21,email_address21,password